,combiTyre,Train1,Train2,Train3,TimeT1,TimeT2,TimeT3,Total_time,TotalTimeStr
1,SMS,23,31,24,1762.8811375369703,2401.9531195867057,1842.1055018032234,5943.276297388437,1:39:03.276
0,MH,36,42,0,2801.1623554833022,3306.0832121044723,0,6019.582106049313,1:40:19.582
