,combiTyre,Train1,Train2,Train3,TimeT1,TimeT2,TimeT3,Total_time,TotalTimeStr
1,SMS,16,19,15,1531.579936997927,1830.9036602700055,1434.5291973572896,4726.557794625222,1:18:46.557
0,SH,18,32,0,1726.6933209787794,3100.4640089046584,0,4735.702329883437,1:18:55.702
