,combiTyre,Train1,Train2,Train3,TimeT1,TimeT2,TimeT3,Total_time,TotalTimeStr
0,MS,35,16,0,3836.602465164612,1746.4224573890363,0,5490.613157847766,1:31:30.613
1,SMS,13,25,13,1415.4795185371806,2734.2092241587843,1415.4795185371806,5492.756496527263,1:31:32.756
