,combiTyre,Train1,Train2,Train3,TimeT1,TimeT2,TimeT3,Total_time,TotalTimeStr
0,MH,24,27,0,2625.648331431983,2959.662708313585,0,5492.899275039686,1:31:32.899
1,SMS,13,25,13,1415.9938584494141,2735.6247391415864,1415.9938584494141,5495.200691334532,1:31:35.200
