,combiTyre,Train1,Train2,Train3,TimeT1,TimeT2,TimeT3,Total_time,TotalTimeStr
1,SMS,24,30,24,1844.6240662971763,2328.899383611166,1844.6240662971763,5954.484054667056,1:39:14.484
0,MH,34,44,0,2650.8146763651653,3467.8234872226,0,6030.974702049303,1:40:30.974
