,combiTyre,Train1,Train2,Train3,TimeT1,TimeT2,TimeT3,Total_time,TotalTimeStr
1,SMS,18,22,18,1478.7443860224514,1823.9264471914505,1478.7443860224514,4713.264357167388,1:18:33.264
0,SM,22,36,0,1815.8431402007445,3003.0753865736824,0,4728.767664705461,1:18:48.767
