,combiTyre,Train1,Train2,Train3,TimeT1,TimeT2,TimeT3,Total_time,TotalTimeStr
0,MS,34,17,0,3728.1133272762686,1855.0737494045957,0,5490.775311974982,1:31:30.775
1,SMS,14,23,14,1524.2811113474738,2515.2064524634666,1524.2811113474738,5491.356910452532,1:31:31.356
