,combiTyre,Train1,Train2,Train3,TimeT1,TimeT2,TimeT3,Total_time,TotalTimeStr
1,SMS,17,23,17,1630.1101507550843,2215.868111506548,1630.1101507550843,5413.9042024904,1:30:13.904
0,MH,25,32,0,2410.265030301525,3096.6266215439396,0,5419.7074413191485,1:30:19.707
